# version	22.1.8
# llvm-project-commit	ca7933e47d3a3451d81e72ac174dcb5aa28b59d1
# sha256	size	path
32D445EC643C5802EFBD54D41E4E8BFF952436586D992FC0F91258238CB6E115	4892	include/__clang_cuda_builtin_vars.h
E44C1E33315864E0906E901D76257ED1C17C4FFC25CB944E4223248E59ADB815	18493	include/__clang_cuda_cmath.h
849373864621BDECD901A1D58778C0C2B7AEB578C63DFDA6171327EDC9A5BC6A	8866	include/__clang_cuda_complex_builtins.h
216F56EC0925602AAF8CAB05BF226D0EFCC531083993CC664D025D1737B3469A	58753	include/__clang_cuda_device_functions.h
C77E320D0488D7A318B65716DC83AA5DE927CF20DB70F7FE1777D34007D87AAD	46120	include/__clang_cuda_intrinsics.h
EE16F6DAB972B4C742E78676E1AA30C4292EF6E099099D9591CE6BAF13B7F7C4	22414	include/__clang_cuda_libdevice_declares.h
E8A11354786957DE82D0887958CEC963EE614D953DCBD1CFCEE2376CDA9FEF64	8469	include/__clang_cuda_math_forward_declares.h
DEBE73CF7191627B94FEA9E1BFE13A4318B1616FED38B2E94F5EEFE2A8637C72	16602	include/__clang_cuda_math.h
877D48F0F311943EACDEF11807C1935108C7D9B083DA6974B764A97C478648BC	18624	include/__clang_cuda_runtime_wrapper.h
E604B253B318F47AF11948A80B4DCCDA365FC159556CD90EFC4DB933C6E00B1C	56680	include/__clang_cuda_texture_intrinsics.h
4440EE301C9F961AE884099A1757ECBDF22AA0508FB1F01B5A9D4BC43F822609	27196	include/__clang_hip_cmath.h
022BC74B3650F97D44D5AA61365F95D4D67C6908C333C82B35388AB4B2207728	20133	include/__clang_hip_libdevice_declares.h
01A32C0E82A1EC4E60309337BC650386A608A759EA4D775A84DE04D494F7E6F9	36682	include/__clang_hip_math.h
175FE84E6724A18DE62CA8BB299F9FE7A9961A8A8CA095D03F79D94140F9F5C3	5281	include/__clang_hip_runtime_wrapper.h
D9A92FD8CB4712D4BF51082CF094CD6EA83D00974ECB7471DC421574693E0398	1223	include/__clang_hip_stdlib.h
205389E4233E2FFDE5290477AA325C6F384A8FE0EA1F1C61B305B522FD5DCA51	9174	include/__clang_spirv_builtins.h
BDE8D423099E3BBA501018BDDE141CF2EDEA549BA528733D43DC534694181935	5890	include/__float_float.h
7EE2302B023D41FD787A326059980800594C6E2CBAC134B3167947D0025A72D7	449	include/__float_header_macro.h
544272CA97C2BA51FD362D5F35C8D7287E57001E9A8F29D51896B82BE253EF72	613	include/__float_infinity_nan.h
FECA975BFDFB254D17458A8E3D51F8AD6D9BDC9FD6287727F0F8B2FB81FCB0B0	467	include/__stdarg___gnuc_va_list.h
F0A8D3C963338173F2D57B2CBC209DDE38C90536107B15EB0CF78166D4CAEE1F	445	include/__stdarg___va_copy.h
7B3FBCC442AF2508F36BB2DC98D9AD2B8A1F5C0F5333394FB2159C8BD5ECD5B8	417	include/__stdarg_header_macro.h
274C75A1DB86F649439AA3BCC1DEAD4170725E6F803925C3FC38A2E93307AFDC	771	include/__stdarg_va_arg.h
BB195F56CB08D4CEE6A60BD9F62F34466E8AC4F89F6FED043B044CB2F7EAD010	451	include/__stdarg_va_copy.h
81C3055F7033E26E7F53705653BC9D69B5202F25C2692E03B3A4F77FF44A7D76	448	include/__stdarg_va_list.h
4CF46E8FBB809DF048EECBBD63686FA741DA27AFA8DB4245BD1F61C1FB1611DC	417	include/__stddef_header_macro.h
3C1E4DE47F4F06B35E2C5890D670052E84F716760505FF51B022FC8B21A9400F	857	include/__stddef_max_align_t.h
B1D71B08563AB3D2C22A1E4F8DDF4D9A1111C89E9404B859A45C307E8EBC6C69	875	include/__stddef_null.h
898B4465C5D3040D27E760E82983A751B1B0CAE23BA280B18A1B81451841F9EB	958	include/__stddef_nullptr_t.h
E5F0F4FF8FF5FC6A1CC8B535F5065F1728EADD2BF1E1401F021F803EC7B4222F	708	include/__stddef_offsetof.h
B4178A57F3711B7013CBA747A72A2F178C29FA9364E77D75B2159754072CED43	717	include/__stddef_ptrdiff_t.h
132339D4F07E852BF2D879BC91C4CCDFCF08C581C7C97F6F3794510E0BDDA7BD	710	include/__stddef_rsize_t.h
D86DDC0238DA09B385846EBEF814FFC50A44E40CF85D4E3793F485952B7E73AD	708	include/__stddef_size_t.h
BBA07C327F8168F37B266A19AED625E0FA633A25CABEF4F54F21FAF3DF5522B8	735	include/__stddef_unreachable.h
1900D4998AEF3698B06399ED686DB0C21E26509B08638A25734FB97AE89B1001	853	include/__stddef_wchar_t.h
F2EDEDA38C5454397242ACEAEFA65B42B292A1B3CC258E7CA6E216F146E51F0D	443	include/__stddef_wint_t.h
C72344A1E5874D3AF7049ECDCCAE91304CC5C2B619776947434E49904F5F03A1	5269	include/__wmmintrin_aes.h
0492AED7E0731E9D5D83BCA76EF338223D3AE9C89D38F7600B7294465B6EBFDC	2036	include/__wmmintrin_pclmul.h
7A0A9AB238134FFEB5B05FE55DFD34DAF00E372FC091761DBCAA07C4DB044330	5565	include/adcintrin.h
760D3D2D4FE278DD7E044A21BB60FDCE73D7F1DE2F896446C258BDA0D78639B6	3447	include/adxintrin.h
197DC8E3FCCB508D4B9DFBD14BA8A7403E77FC5454FB649C00BAA9BD90DFD3FF	715031	include/altivec.h
489FF6BEA426CD08250BC89620F88539D6C1D0677951FC6E377ECDD40DBC09E4	7483	include/amdgpuintrin.h
4D5751058E2630A390CE53CBC8D360D794CA71ACBF49EB85F177313C884DC2A6	7739	include/ammintrin.h
2C2ABE549BEC846227458BBAE97695F0BCDFDE4F0C98CD54BE34E44DD86B41A1	3986	include/amo.h
E2C26602264DBB4D986AECB218EF83F38146B37F4DB1D67CABA8A63831EE00FE	19744	include/amxavx512intrin.h
854A29CD9AEDF345C308F171A0680D039F386763EA9558E3723D31CF6A63EA78	6933	include/amxcomplexintrin.h
018DF703A69C14621C56BF3AF142A607FCD30FD25E295BD71ACE5E9728CBE0C9	3327	include/amxfp16intrin.h
7D4F7E3FD5BCF9F131FCA2EF14935F894BDC9FA25DC042608F1CB1C3E3E03C46	8839	include/amxfp8intrin.h
9A8C31C7D3CA931B14473F8F63223BDDC175A1A6F47638CA8BC8EFC4F3175286	20212	include/amxintrin.h
FFA67CF3CACDCBCBB35864A8BFAC382AE7E107B5F2FBC489FFD2899E761BF23A	2290	include/amxmovrsintrin.h
2F849389DC399C714CC1FF591F4D40C25533361BB0B06A0B98209789F15C95B2	3562	include/amxtf32intrin.h
88BF955D581629F0292B576C4194DECFA6B9053B11F5B8A12197F12DEFAD3A6A	518	include/andes_vector.h
05E7EF603D3490D485B4051D84FE92BF911FF17656367A2FEDA4E6064ACBCFB4	30926	include/arm_acle.h
75B8A5A66726F8C4E8FC329B7B98B21977E2033CE2C95F362D624D0CC6D8A773	6357	include/arm_cmse.h
9A0E636549D26DF39BEC2DFCB9EB1110744972EDE03BAB2A52187E1B7D87BFEE	9708	include/arm_neon_sve_bridge.h
183845BFA6F0BAE53748D5706568FE3D8830C5C720823152EACB107E7C234046	993	include/arm64intr.h
6BC077CCFE4C9F230F37A1B7803CA1706850D288A18D505323A520EEBAB57311	843	include/armintr.h
C3BFBF68F84861B2EF67CB4A154B7882BC1B968EA17BB055B4908D11D64355AA	23626	include/avx10_2_512bf16intrin.h
910ACDEC723FE34139460488DB629E61899B9E3396CE44BB4C45522CA081DD8C	13192	include/avx10_2_512convertintrin.h
EA0A028278B5E4DD92904163F308949EFA38683D07D851D8F6A7AC27506D3674	7526	include/avx10_2_512minmaxintrin.h
FDDA2E6DAE76E9F31C2AA96268DC7A3DF3099E9685D052ECAC008786E8C20C49	14039	include/avx10_2_512niintrin.h
407A200EAB44F68521E636731B9C60D88571F689AF033B6251AEBB060C125B3B	13799	include/avx10_2_512satcvtdsintrin.h
48DA2C9ECC5DA4B6E45B477EB0BC5610A0E83DBAF898645930B6CDF7D8019FD8	16999	include/avx10_2_512satcvtintrin.h
930CB095842EE86C7A8C28529725657395B5A21FE7DE7A5DFDF28FE53BECBDF1	45094	include/avx10_2bf16intrin.h
80B4FB17B526FAF764CBAB8FC63E916F8FF88228E3D8E7B162660A4D9B0AE4B8	108821	include/avx10_2convertintrin.h
C059458894D9805BD0A0DA75ABF0F1C75236F890493943E71AFCD3C5ADB470C6	2410	include/avx10_2copyintrin.h
8DD2ED560B396551209A54F156403E68AA32715F23E81966B584CE140653FEF1	13680	include/avx10_2minmaxintrin.h
E34FB0DE0AE71437816C94B43A8EB1074AE05CAD17EA3C4915EFB4A2A1E59D91	17003	include/avx10_2niintrin.h
72FF874496106D3D75FD26E2507F4FB48D202A7DBD4E92E7C8A84BC0CE9C5307	15253	include/avx10_2satcvtdsintrin.h
2C5FD665F81BAE335372B5A968B7DCD2CA2EF66AF778A1A40E42242E943C9374	18140	include/avx10_2satcvtintrin.h
F9BB5723DEF0D9AA5933200B61ECFCD485E48911F85AD37D65876B9F03E81B9F	194216	include/avx2intrin.h
3E6BE1D9965875ACEBA6DAB21C6B782702EDCFFCB4168E379098806C16B5DDFD	11211	include/avx512bf16intrin.h
AC4564BAB0E8F1BBBF758763F75593F83E1FA9CDEBBC8A9CE8832D880A7ED53B	2718	include/avx512bitalgintrin.h
8853DA99C62FC83D42A3C6F50262BC51E2A1CBD243BF2665B3D0AD4141906314	79636	include/avx512bwintrin.h
02D96DC57A9709BA35C0EE30DF0914B88058DED21CDB96681CD7459492DF9466	4265	include/avx512cdintrin.h
426A883A6EB937CCA46DC48FF33C398A2F1F2E0BECF1360E290CAC5D04194270	61199	include/avx512dqintrin.h
E7BE28C1B667ABBA9DA88A2AB6F48B12B232ED45B8772E18E174D82167CF85CD	392012	include/avx512fintrin.h
BF59CF1154393F4CB1F64C0ED4664313964CE91C0230F365926C9C5FD8E51AEC	159816	include/avx512fp16intrin.h
1FAD43D75BE37BF73179B30E919A418B7DCE3D5C480C47AA49B22076E8DF4D94	2677	include/avx512ifmaintrin.h
D41A965E108C8A394C2DA6EDFBF46F76ECCDAE71C66F77A2F5E7BC9FE999A503	6126	include/avx512ifmavlintrin.h
343EDEC6402438C40B96575293AEEF0E43677D530523654D7543FC781F0A2B78	14069	include/avx512vbmi2intrin.h
25BA7EE0A739FFAE91B3979D0FAC305D98C305A63AF4B04E0663D3ED49C52459	4071	include/avx512vbmiintrin.h
5E3EAE133FE069238233FED1731D7AD7AEBC095BE1E554E0A00E7435381698F4	7890	include/avx512vbmivlintrin.h
1387F0F22738E78C2693B2FB057B86CD90BB65EC12DC3DD61FD13C791759F4F2	20315	include/avx512vlbf16intrin.h
4AFF5D1D7A7F60E29C2630E9CF39DA520D7BFB3B6CDFD4CB84DBB7AF11D1AEFF	5074	include/avx512vlbitalgintrin.h
664D3C4AA0DF4F997BC794F972541DE528063C6175E6522D5D6800C788F1923A	127001	include/avx512vlbwintrin.h
CA47BF09ADE30AF525E4ECB46EDD77B72A0AF3B1FCE2182442F62E5218080E0F	8065	include/avx512vlcdintrin.h
F161C5F0F746EAAEFB33D25D12F3E956D86E5195095D21095B8E63E80D761CD1	48468	include/avx512vldqintrin.h
E05447F9BA152D49B9DD35A0BBE696A18D37D397A1E1F7222A56EC1636024AF2	87676	include/avx512vlfp16intrin.h
613BC5B43242003A26E2C1E8DADC6893E37D6D9A1C8FBC277D80988626BA166F	327382	include/avx512vlintrin.h
BD242CB44EA95720BDDA987007B34907627F66CE69147262BC5EFC39B01DE63A	27609	include/avx512vlvbmi2intrin.h
7A12B741F166C7A71EA774E561B037F1C838E8EA735E0BCB4563AA40C7A13B05	14254	include/avx512vlvnniintrin.h
E77120A208B5F85EB2701BDEBDD703D2782775FA1D75189ABD35D36A91968F59	4782	include/avx512vlvp2intersectintrin.h
2521D45D5C110974A4BA1E457D7C91D070E7819B15432FBA34ABE3E549E4FF30	4394	include/avx512vnniintrin.h
B84F475D76A10C8CA674F54CB48D61EA611EC83D888B70CBFF0297A5308D3289	3055	include/avx512vp2intersectintrin.h
93A4E644E0F8DB33E9FB17E0A0CA497B34FE68AB203FC3FB523FF10B338C58BD	2462	include/avx512vpopcntdqintrin.h
03FE20EEC3752AF25BAF53ED3CCADF5846E18785422F2EFDFEC7F8750EEF1E01	4245	include/avx512vpopcntdqvlintrin.h
AFB6D0306977A6BBE5A7DBBA1CF18E23E0F722E0E1645C0B986A9A0E19BCB2C8	6731	include/avxifmaintrin.h
AB7059EE974B0562DA679C896524E8BCBA785EFDB74748836FC5C792723C040B	203451	include/avxintrin.h
05482A9FB775E9595B1BDCC0B822CDE959296B6CDAF57D116D716DF6A118C91A	14432	include/avxneconvertintrin.h
F9B14EF0020CF6AD04C91EAAAB12AC9F57AF69627564388CB3EC58F3C1A477F1	16363	include/avxvnniint16intrin.h
B9B817BB4B8AE26361FE1FFDEE487E71F2CAC4D768B14ECA3BD5A87F0CC7E486	17915	include/avxvnniint8intrin.h
BEF834F0C399054016BBF62AFE4E85E68C8C3F70E5CE9AD22276307F5FF14E85	11066	include/avxvnniintrin.h
FFFD85FAACCA202B9539176A120CD5CA5EC9BAFE91EBD234AD42EEC4EB1DBCEA	7546	include/bmi2intrin.h
ECE0810FEECD8EB0AA9A778DB13D50C3D14B60D3320768FF87695FF51E3094F8	20350	include/bmiintrin.h
A7D1F052D48C4E27D0AE1023B1CB2419E443C686193A3AB392ADC776595EE23F	846	include/builtins.h
23568727F480E5701AF3F7371D38680952E33264D9F184843353B87F583A2A9A	1527	include/cet.h
EC1203E06E12B4A21944443330EAB3A968B1048D429470C4EE0236B7DDFA39E7	3351	include/cetintrin.h
BC5D9530ED13A5FC22DDC26F72F695D225053462BF06783A95A3532E0FCEBE0C	1207	include/cldemoteintrin.h
930B1FEB5F02450E0F75228CDAAF380F18557FEE8EA64D7D8DD7268EDFB50656	1193	include/clflushoptintrin.h
C014C43C1FC700E529FA5F0DF8504AF8C03BF21609DED625526ADA7A1833CA08	1229	include/clwbintrin.h
3AE5138554F982A100B937124EC5BB914620E1A4DFD9E57FC89689428D5BB100	1220	include/clzerointrin.h
6FBE03BC7A1AE8309451851C666A76FE0929D12A9E140BE18B53428574CDBD35	25049	include/CMakeLists.txt
223B48BDD9E567ED17B377040B81663D3BAF7FA077676D49CF3F598FC7EBF825	2383	include/cmpccxaddintrin.h
A1D3A9FEC163EDB6BE3A052F335AB0648C2C735A42EA05ADD3D8FB491A536D52	17268	include/cpuid.h
0F73E381B39E4718F70159158FAA3DA510769BB16120EC23F35BDCFF14D34CB1	3347	include/crc32intrin.h
9D2AB9963C8A51CFC1C25F4DA0604652039A7323927B1B02F0CC7D0B23CBF705	1051	include/cuda_wrappers/__utility/declval.h
52A1DBA93372B31091687C7559098B1417612B783F0C23006456636A0506F7AB	4612	include/cuda_wrappers/algorithm
F9AACC58217E4D682054C9BC79A855F66484C7C4941049442823C4E2FC5911FF	352	include/cuda_wrappers/bits/basic_string.h
109EAE76B6C4BD234C104ECC0966881ECB82A8DA20505D6802CCF2AA2F5A78DE	354	include/cuda_wrappers/bits/basic_string.tcc
8BA4E626C2A803601FD83A5E292951826E721AB23D0670BD7AF8588A7A030447	1739	include/cuda_wrappers/bits/c++config.h
51984393C2035F289BF533C0539B40BB616833A4315380E9A7CA338282B272DA	355	include/cuda_wrappers/bits/shared_ptr_base.h
6A03BBE7845C93C9C70F4F68805662F5FB8CF6396AF18FC5E894812AA0568A20	2045	include/cuda_wrappers/cmath
FD4BE2FD14EB31BA883593B450F7587AF2914C0FAF76073FA8C8D4A507822A7C	3618	include/cuda_wrappers/complex
5F77BD6BB7EEBFCE9E4C6575BF598A76349E18EDEFC6CE95FE4A921DD861D13B	3739	include/cuda_wrappers/new
D2C7FD1267AAB2BC929D7FF9FB2FE83E828BE9BFAB247C06E81B24B9BA906139	198185	include/emmintrin.h
024A79176D11B3646AA6D3648C61CEAD39086228178ED1138990BD861C0818F5	2167	include/enqcmdintrin.h
C53616E6FA129B54FC65FA22655657B9536F2C333CE2E1DEFF70087486E2BD66	6357	include/f16cintrin.h
0242ED0A0C17FB6C24EF6953C51D02D28EADB067DFA41D7EF59FE230CAEE3A10	1416	include/float.h
888C46BF82408DB7D08387D8B7D4C224E10F7BC21909A8DF8650AD41C95F4C13	8267	include/fma4intrin.h
E3FD6499B8D3F62B8BC7ACA5C1847AC093093779C0BBF2B2707D37E8212B2B59	30808	include/fmaintrin.h
892F1F63664E34C69497333EAE7495F217DB9AD0B4975D13C4967FAEC481CE04	2890	include/fxsrintrin.h
9EEE1EC91CCAC2EC75847AD8736236B26CA28E3A838C93CE2C80ADA7055B2CE2	10063	include/gfniintrin.h
04A9D505A2A12591E78D6C4819022DCF119B535BF317E94EBC597079FC6AA981	13222	include/gpuintrin.h
A1E5A7D54A47697707D54EDF31B6C3EEF0C3593CFF2A15BB9319238B08D54BE7	15966	include/hexagon_circ_brev_intrinsics.h
0B130E0B52FEB7074551B2389648A0FDC790784BB875E4F21FE47C9B0899FC8B	383410	include/hexagon_protos.h
4713AD5A97E7B577E42BBD4A7F5BD4528BD6A73B04C9DE9D40960B5BF4191879	134014	include/hexagon_types.h
1C217D5640F89870643DDE7C07A8027EBE1F4E4C1DCB88FF2E3FFE4959F67CED	1149	include/hlsl.h
9CE2CAD43F2B71363378E4CC1DD833E1351A61FABA1A54D5155D459F69F850E4	117207	include/hlsl/hlsl_alias_intrinsics.h
DAAACF1B5E5B2DAC42AC3B61EBC3BBA5094D982F0B55D955C6C109414C961DF3	13498	include/hlsl/hlsl_basic_types.h
CF2D35C8AA36DC8C5D29219C5BDBAEF4FB6C618F41CBF4BD4D556E9331CB997D	28013	include/hlsl/hlsl_compat_overloads.h
FB4E171DB8A808C2E5DE1DAA7CD36365FEBD576B7ECBCD09945E2F12E29E4277	1457	include/hlsl/hlsl_detail.h
650AF972EE3D80A6BD1BB3EA9E7E46DC5B80FC5194D406AEACDF995E3D3CAD4D	5761	include/hlsl/hlsl_intrinsic_helpers.h
3971CE65B91BEE05A09E551AFA62461661AE432C5197FA9DC881866D969E3A80	28983	include/hlsl/hlsl_intrinsics.h
4665C20E57168B82EB80F79025E17408F91128BCE708204B8250778606D46FC2	923	include/hlsl/hlsl_spirv.h
EA5012C0FE5E8818863FB65104783772F21DD278F5B4880E98451BB5D70F550A	1395	include/hresetintrin.h
8F422A3313386D8767BFB89955928E32687E5DBD0698C8451F52969B21CA4E2F	6283	include/htmintrin.h
D42FFA98CDCEB028ED7497E5245711D5667540B70F865697FFA5A1D42155807A	9225	include/htmxlintrin.h
EFD60A7050EF96948CC80F0D99426743F68CBE63E6B0420C36D068960B545BAC	277476	include/hvx_hexagon_protos.h
AB2CF5DDA79D4FC65346EC85C5D776153440F7BC538386D419E0E0BE230AC9E4	25986	include/ia32intrin.h
E44F750A7BA70C8939950F89624E0287E14AF6EDDC2E3567C8509E8EBA37D43B	16410	include/immintrin.h
FE78B011490177123735E7483E92288649696FF1FB37EE39B9E2B391066B2DAF	19808	include/intrin.h
085C456A603387CB0A7C19FBEBA0D0F26237988C2346085B5916BEE874830B3E	14093	include/intrin0.h
EB8A7B2E17D57E9321043282BF0267FEDD2CA58AADB11B04929DDBF8100FC3BC	2427	include/inttypes.h
70F32ED90521D7135AA2B96E6FEF366E9793AD99CAF6FB5E0EC188BE1FA6B7ED	764	include/invpcidintrin.h
3A190443022054D1FD72EC44316DCE619B8F130BD10EACF906EDF9486E8C270C	763	include/iso646.h
E0696FB307EA0944DD7CEF129CCC83C230EDF38D60BED826B8A1A8CECF82FB3C	17973	include/keylockerintrin.h
E769CBD2B3BCDEFD2CF996A499BA81B40E18CB6390658D56CAFF19DDF721DFAF	8703	include/larchintrin.h
CD3013ACE2E20EE9947FE10290C08CA110161B44F5469D27637BD51D23C9997F	149402	include/lasxintrin.h
6B59CC1B6F86C901BF41CE942B8434530E852EB16E79E6E9287F89441F71EFCA	3794	include/limits.h
1CA2EF142360231242282389672FC7D0002FF875DB15B6A0FDBF50E8F3148F74	905	include/llvm_libc_wrappers/assert.h
94DE58D5BB1F4EDA4B430DBD2639C16287EBD271DBB5CC9D5B85F7344F5C0566	846	include/llvm_libc_wrappers/ctype.h
CD72066B9878A8E7197F3D9D0F04112BF40EC2EAAAF00129755E787EE87C9094	915	include/llvm_libc_wrappers/inttypes.h
D9AC62A96208D5F141795513FD488A0B1EDDB7247A6DCE226FDBC1AFA7DFC849	1431	include/llvm_libc_wrappers/stdio.h
8FE8ADF654FB7809597FF8945D616B88AD1136FD51BA13F3085055595C20FAA8	916	include/llvm_libc_wrappers/stdlib.h
692902F4AB6829E6575D54E450D0192965A0550DEADCC30A59B39D9637BCF1BF	850	include/llvm_libc_wrappers/string.h
AF78CFB4948A53312B36DFE39A00360A919B5E03029D7CA58F3C5281C05A31F4	842	include/llvm_libc_wrappers/time.h
5B246A387424B8FF24FBFC00091B148FEB90514367FBC79713FBC95EE2759702	400	include/llvm_offload_wrappers/__llvm_offload_device.h
CC9E08884BBC2A41B77161776A7CA8E40900C7F98D13E2B6E69EB88352F5CCFD	569	include/llvm_offload_wrappers/__llvm_offload_host.h
E07F4BB61698A2E55D7FD2E8A7A39DD91C08F1A275363B045C3D4929153CEC42	1063	include/llvm_offload_wrappers/__llvm_offload.h
22B225744F28D416D29AD488BB4002EFBA9728400BEA655B644B838D85E794CB	137936	include/lsxintrin.h
485B84552E9163BD7362E6353D5B2A5A3BCE9C45D385D0C3224AD1EC543E790C	5115	include/lwpintrin.h
1F539282621AC8EDC624DFF2B698E4375A535178E1F26C64A29D9F2522CAAA16	3659	include/lzcntintrin.h
5CD8A3D288D469C9E5A2FC8A8EE624F50889DBCD06DEA1262EF7AAF510A204AF	1929	include/mm_malloc.h
9779205196471F01374264A25ACDF50C6705C29DB47BB180BFA4F549B33C5A51	729	include/mm3dnow.h
188C4FEF899CE08F30F0BEBB50C27CF7DA3142ABA7BD6781A3C89032DBCCA680	62224	include/mmintrin.h
DAC5DD19918335F51523B53893E05772D7663E8797E86294935F06885B48F26E	7144	include/module.modulemap
AE4691076535AEFA2A2C465E13E3873D29E1DCF7A6D12FAF5F631A54AE7C77F8	1612	include/movdirintrin.h
2600BFDF3A553D23D4429EEDE13EB1E51A5A3533FD4C4AF1194D83A95B3DBB46	3939	include/movrs_avx10_2_512intrin.h
041CB2DB5914C9B2B42DFC4CDE078EF77725D57D94C177CCE7E63F30F41CE633	6970	include/movrs_avx10_2intrin.h
F8A52DBEF1E07264523A12BEA5F4295F2A028B246B97C0C4A1CA91AC58B72125	2025	include/movrsintrin.h
1283E2B1437A068CE0D0D287B541DF50BADB5EA1781D79C173DB7A672C0E0D80	25615	include/msa.h
E7DC6D77422AA1FCD6F26126DD98F6A88B2FF506ED75FD1538CC4B2AAF33EF8D	2244	include/mwaitxintrin.h
CD7B51A1C33C7E7D710F070315E7BC034757EA6BE9E6804864CF159C79F48D54	709	include/nmmintrin.h
2CF2588450C2D14B25EFAD55DBA2A6190722347150CE485DED0C224117D3C856	7911	include/nvptxintrin.h
673C4720F879C2F101504979EDBD0216C9CB6A982CE2B62BD467B81FD53D8E33	28531	include/opencl-c-base.h
AA7E871A8F7D961AA4126A9FADC2196F822C21811946C90147DC7415FE677DE9	915865	include/opencl-c.h
7E4AE115F8FE22DEC814D39D4BA1E2FF20763FEDC308E8955A8B706F767FC39B	2603	include/openmp_wrappers/__clang_openmp_device_functions.h
BB75069B6AACB79BA85236F69C98410EA0AE84DD02E5D04DA50B884D723E2D49	5251	include/openmp_wrappers/cmath
C1448D113395586B11C357506F9A8DC207ACF5E464B446995BA3DAE5AE16E8D8	1802	include/openmp_wrappers/complex
B904380D5094D97A7AE5DAA6477773F172F8817457189C4B7D49CAB4E3F88454	12559	include/openmp_wrappers/complex_cmath.h
5E0C4BD3E1165DEAF1C557FA7FB9959772D476204507A42205099FEBD2232152	898	include/openmp_wrappers/complex.h
74E192FA76F1648FC3081232FB4EBD6700EF92CDE3A76CA4DA30205CEEA75277	2054	include/openmp_wrappers/math.h
B5D050CF4AC693ABCFAEEF786C656D55900256EFE274FDCBBC73D9B383E94BC2	1409	include/openmp_wrappers/new
9EB6D279EE2164CA934F694F908D550DF5F0F69651D16F442B00B42A836444AF	786	include/openmp_wrappers/stdlib.h
DB3C9CC0D6401608ED15029998DB0CDCB6D9B26A889FA20D24FD0CF57392EFD9	986	include/openmp_wrappers/time.h
C8090603FA18CCA9AF372A25DE032695BC782E6480520A9DA880907DC7F31679	1216	include/pconfigintrin.h
D103441F018B003A07117AD8AE662294CB59C9B457196D85D8AC4287F1C0D01B	934	include/pkuintrin.h
8C9A708D4E89092143ACCD2F385CFABB80980F746C911F3A9B09EB6493E70C4F	11277	include/pmmintrin.h
C10C93F79D0D2B61E9FA2340560C6BD331C7D977F9543D431E3756861E1EF8DE	1948	include/popcntintrin.h
0F0DA0D31166135263ADC3034475314536296AC0AA2AC45DAC3ECFD75EAC16B5	4671	include/ppc_wrappers/bmi2intrin.h
F5D485C66E0DE5D881C7051432EC0E9B56E650D4A1C679877A62DE3F287579CC	5002	include/ppc_wrappers/bmiintrin.h
3125E83D7FCDEBDA705EF1864AA1F765BA59EE2C3FB81B4DBDFB26DFDF258E8E	71273	include/ppc_wrappers/emmintrin.h
FD91E22FAC3443525B0863EEBE7DB74381B8286E5DD6631DDCD12E40022839CA	611	include/ppc_wrappers/immintrin.h
6FF2B87659F5184F0655B6E83F59A230051E8F0EC2238FEE07195DD5F3183417	1337	include/ppc_wrappers/mm_malloc.h
4211EF43A49C3F06ED33C9624ADCB434CBB644078FB3E0F70BB766327EFFF2CD	45763	include/ppc_wrappers/mmintrin.h
93A42888EFEBB8DE76B8FB963D688CC82E690893A36913F73F4B39EEBC2123B4	977	include/ppc_wrappers/nmmintrin.h
37ECA55A0D5DB5A2AA0463FE4A31CCAAC6441E15B38B08CA8BD8776ACD57E39A	5898	include/ppc_wrappers/pmmintrin.h
4D38F5FE3DD49A3F125C147F4A3FEC5D03F60BD97CC6168027BE455EFB8E16C0	23559	include/ppc_wrappers/smmintrin.h
1B58ACBFE5F1D20DBC3F47909C2D73982CCAFC9A0930B5127702E6C40D3E690F	16341	include/ppc_wrappers/tmmintrin.h
9D18B4B2272918636A78E865D2087387DBB0D2A25B588B036071FFBBB76586D5	499	include/ppc_wrappers/x86gprintrin.h
DF147BBD99A860A79BAE6AB7E8AE958B4A2634F2AE9FBC89E417252960C9FA9F	1067	include/ppc_wrappers/x86intrin.h
064A446BFBB110FF61AC79FAAD162FF52FBEF02A1943AEFB45007CDCB601975E	64333	include/ppc_wrappers/xmmintrin.h
8DEC1F9509FD459FC4D51BF5183E2672A7A3497681B322A36E78379C7E371AF0	2073	include/prfchiintrin.h
687F28454B833D9924B08A38B09710DC0C21E0B6EBAB62AC3F7709159815C203	1842	include/prfchwintrin.h
8C243A0793AFB2D5C3F8ED0FFFCB52624C77C49C1B20BE8F48950BFD6C5067ED	19176	include/ptrauth.h
549E44EEF926D5BB1333C87D32D977270649A8FD7C7161093DB600E472D23039	1076	include/ptwriteintrin.h
FCC60ADE967BF5152675DE42F9F48FE5B17B40FF432AB993159119BA2038C5E5	6748	include/raointintrin.h
6D0B9AF132BFBBC72F6A3821B9EEDBBB7457FC43CD94AD73C08D1DE72ED8B7F3	1624	include/rdpruintrin.h
D936C47A6FD689A47ACB819DD28BA4AD779E667116AE5002C1E06149C0804B14	2919	include/rdseedintrin.h
736CEE6955E7ED4E0FF4E17A5EDB42591E1E28F083CA9F9C109085C7AC57F8AA	5725	include/riscv_bitmanip.h
8A2273E07BC28F74EE4BDFA661F0C683FCD792B40AD3FE7968B8BFCDF2DC0270	4033	include/riscv_corev_alu.h
215FC9A87E37FE2D2C389E78895CCCF2DCA67F31964408DA2B050C75C7E3B139	5211	include/riscv_crypto.h
5898C9CAA155083D3D1ECC666D15E03C95D284EAA974E4CFD74274C940C4885D	991	include/riscv_mips.h
706BC89CCCE68191472B8407CEA772BBF844E5580E64B73F2267B7D5F99B93FD	2416	include/riscv_nds.h
A0A75C40F11A4910506C44A6C1BB44E568F0C90C34AEB715836380C9AE7F54E5	744	include/riscv_ntlh.h
18FE263A76AD5970E47D2E8B9B5C99A4370F1A4F7258E2E197C4C8FAB0CB2123	1280	include/rtmintrin.h
2C8BFEC677CD371893070D06F06E2ED9A6657C8E7D1DBAFB2D8E3054DD8FE7C5	604	include/s390intrin.h
DD29AE159D83161DD61D6BFCD6A7A37AA3F5930F814E8D12BF15AE131A0C6AC6	881	include/serializeintrin.h
0E8DC78C7311B9DDA1499587AC5EAA3E1C485B9C7DF0FC54225B8425DB5AE964	1816	include/sgxintrin.h
094F1882A68F1511FEC3D1145AEF332CE75086CF194101DD5049E143FF771DE0	6088	include/sha512intrin.h
1A87FD31FD1247DB417A8FC08929791B26FD45347871D8C3333F38A883EA4378	7660	include/shaintrin.h
09B2AC00781681BFCE91CC5EAFEC83682F2093B3A0EDCC34B94951F007A9153C	10625	include/sifive_vector.h
66680C0998F322F5AE97157DD422A735BCF32363FE382076D43CD669B3361D0C	7470	include/sm3intrin.h
F6197FAA9615BDC374CF2633571A023562A7573A9585831AAD6A00A45CFDB11F	1164	include/sm4evexintrin.h
1A56D69F3C2FDADBF81C67B6CF7B36EFC3892777D7C64D55BACDFB31B21AA5E6	8401	include/sm4intrin.h
800FA20E8CE6A27CF853317952567142B3347E0B7A30DB1B3AB299C38184F34C	100880	include/smmintrin.h
506E6F4943F9B64EACC33D789C4782C79DCC6039CC646707D815C93C52FA11C9	7526	include/spirvintrin.h
0375392CE44C0BCE9D2DDA696B0B2E7129E2E58233E002F532D010C9AC02D27B	756	include/stdalign.h
CE6E43D79DC89B50208ECF259B1FFD519F5A78CD3A2C7FCAAC6386F376B89FEF	2497	include/stdarg.h
728B690F127FC85FAA32B9031E3A0019DA92F77DB92CA91B749571E45617A9EA	8662	include/stdatomic.h
48655FAF4EBD4CA0AF26A1EE8E3E16F8DC68385C9CD550FFB3629320681305B3	1172	include/stdbool.h
808854B229028D66012BEF0EB5F7CCCB2D9A228EDCDC5EB2BC710BC7CEA4B25A	1666	include/stdckdint.h
F042FAF9AE255233E0DBAA5DB23E42EAEA2D213BD5D19B8D4AF642BBFB0BF689	473	include/stdcountof.h
B3E62A046DDF28D09EEDEBE6EB9461CB7060E47CAD2C69964B222C4EEA10347E	5053	include/stddef.h
1370DAD5543B648EFB2C2070B9E66739488FCD36F284632B9EE3F32AC44CAFAA	610	include/stddefer.h
F43783466C93F77A6464274EBF18F9E4CC46F0D90770DDEE2993C6CF39F7514F	27519	include/stdint.h
53912B2E9A149A73FE58D88D6C41E69F49020EAB7884C81EBF0B4F3607E96847	1316	include/stdnoreturn.h
5DBC7E08C1EB24436182FB9B2BF9BB157F944A20C3B88F4D975AF12B7C02FB11	3507	include/tbmintrin.h
7AA69DC82EC404A51295498CC4CB07D0441E5DCD891819247C14CCB3F9745E3B	30389	include/tgmath.h
E5E01417DAF19A741D918AA2E077F7FACBB902A1D6D5F3A35BEC5639652B7B54	32725	include/tmmintrin.h
C833BD7383B431A0B1BF65C864DEEF445A25FB7DB2C924B4B83272957F2CEB51	2015	include/tsxldtrkintrin.h
D34EC074087D3B827CDFF359C4CE646F3563A94F335FAB6ECE28970E448D4BDB	5079	include/uintrintrin.h
FB7175E889F60907DBD0FD02FDC1571FCF33D867F3D0BBFFB21356D2BD9B69EA	11477	include/unwind.h
03C169539A584284E2EABB5230F98BDF7E85772A41F7D6E93FEF11485499DA32	1572	include/usermsrintrin.h
E338A8BBDBC40A9662D76A0A395313CF17A9541A0FADF3CF8BFA6EE6FA3DB4EC	1420	include/vadefs.h
838F2A629B66F85EC19F99709E96E354FA84C387DE742F2F34A16A683A2D3470	2590	include/vaesintrin.h
41BF9AFA7C9CF7E5EB5E4A42AAB8EEE3F5A97977A6D33094B2C8F6B3EF1943BB	584	include/varargs.h
00F64EF019D6724615B8DD7E40AA6FDCFCB237B6F14CE1D7733A06FF2A91E9B5	429293	include/vecintrin.h
6655C27881E5D1BB8D68F9AA3FEE49576E22287F02E2CF422ED9DD3259727B57	3623	include/velintrin_approx.h
D39909A5D140E00148CDA92E485AFCCD02288DB702B1DBB4B2EB38B2C61A7754	70721	include/velintrin_gen.h
7C2E001D36310CEAEA4045D9CEA1F227F491D0CDEBF749959C852B44B217978F	2153	include/velintrin.h
DB240AD56CCFC14A7E29862B50C1214B1BE5666CCCECDE1401D28AFE075A606F	1086	include/vpclmulqdqintrin.h
8B036E6A2C20DCA74FBC38B898DC32A36DC46BDB4C0A5A71D691096CA04F6CA3	1357	include/waitpkgintrin.h
93A4905AC462809F5A5D970286E0EF7CCA11B27726C2E8461304E7BC701F9DB7	83675	include/wasm_simd128.h
E22B8221209E1AEED8DE50E81C6BFE84B378A8B92BDF018AEA601BF1D3C4AC22	749	include/wbnoinvdintrin.h
EB4F03593063AA1C27CC306474814E3C3CAEB6644379415E1104D299288A3231	659	include/wmmintrin.h
52D2524CB4E360B80125E224E1393E87E15ED1CBB5B304CCABBFB17FDADFCC93	1727	include/x86gprintrin.h
BB90A00978252C2C0777BF29CFA313BD6D915D6D62740BEBA327E42B5A93AD79	721	include/x86intrin.h
525B54A31C4A96A7476248F04AEF24370284A18A2D06B71A68CB9F858A2F8B8E	120194	include/xmmintrin.h
30F118AC13831A83F6329695F68882E817A8D8F9ACAC9D62ECE262077B75D9DE	20965	include/xopintrin.h
B3D0B240CD59068BA5DD40F79A921E727815F0722D07051EC01AAE09B91C4AC8	2574	include/xsavecintrin.h
BB5B08B5B929D0A34B88230C7F5633071A05D17F0680332A30C4E1B607C3C164	1678	include/xsaveintrin.h
3DEE1885DFF4D101804C273D87F98CDF37A5E0975D936A3683FFBE1D10FFDA7E	1026	include/xsaveoptintrin.h
CF3692A69C4C96E0B4C0D291C6AA09CBA851DFF1D82F8B266D08FEE7BDEAA5EA	1268	include/xsavesintrin.h
05E7C974641109D1214F9016C3939787E2912E6990FD20BF5886FCCA4C40E699	873	include/xtestintrin.h
8F1033D2FC8CB786D7A6D3FF174AA819495C1C7D8948B5A94A9DACA24D5EE3C2	687	include/yvals_core.h
FCA65B1462B08910B24DBD2016425AA6F4B7B32F1ED2EAA8014C10F79F88FBD4	608	include/zos_wrappers/builtins.h
8D85C1057D742E597985C7D4E6320B015A9139385CFF4CBAE06FFC0EBE89AFEE	15141	LICENSE.TXT
